﻿<?xml version = "1.0" encoding = "utf-8"?>
                    <grammar xml:lang="ja-JP" tag-format="semantics/1.0" version="1.0" xmlns="http://www.w3.org/2001/06/grammar" root="main">
                    <rule id="main" scope="public">
                    <one-of>
<item repeat="0-1">パッセ</item>
<item repeat="0-1">コンフィ</item>
<item repeat="0-1">火遁</item>
<item repeat="0-1">水遁</item>
<item repeat="0-1">雷遁</item>
<item repeat="0-1">風遁</item>
<item repeat="0-1">くりごはん</item>
<item repeat="0-1">えふしい</item>
<item repeat="0-1">ブラボー</item>
<item repeat="0-1">チャーリー</item>
<item repeat="0-1">デルタ</item>
<item repeat="0-1">アルファ</item>
</one-of> </rule> </grammar>
